completo,encurtado
mar.com, encurtador.com/c3f3 
lololo.com, encurtador.com/1220 
ldksld.com, encurtador.com/5770 
ldksks.com, encurtador.com/d97c 
lalala.com, encurtador.com/4e9d 
çççç.com, encurtador.com/65d7 
lll.com, encurtador.com/e04e 
llll.com, encurtador.com/3f30 
kkk.com, encurtador.com/4207 
lll.com, encurtador.com/775e 
lolo.com, encurtador.com/3ba0 
lolpp.com, encurtador.com/ccb5 
lolop.com, encurtador.com/f304 
uuuuuuu.com, encurtador.com/0a47 
llllllllllllllllllll.com, encurtador.com/b67c 
ll.com, encurtador.com/6a6e 
oi.com, encurtador.com/a750 
tchau.com, encurtador.com/b988 
lotu.com, encurtador.com/7d14 
lala.com, encurtador.com/b56a 
tutu.com, encurtador.com/df6f 
lala.com, encurtador.com/2e73 
lala.com, encurtador.com/c677 
pp.com, encurtador.com/9f83 
gostodecha.com, encurtador.com/1dc7 
fffffffff.com, encurtador.com/7b72 
oiii.com, encurtador.com/d507 
lapis.com, encurtador.com/81fb 
le.com, encurtador.com/30ec 
w.com, encurtador.com/f3de 
www.com, encurtador.com/d2ec 
llll.com, encurtador.com/54a2 llllllll.com, encurtador.com/0c58 
lllllllll.com, encurtador.com/0567 
llllllllllllllllll.com, encurtador.com/e36a 
